-0.873834,0.046978,0.357837
0.330873,0.092802,-0.283567
-0.548453,0.632773,0.468105
-0.124696,0.278530,0.050231
-0.158113,0.519146,0.376230
-0.290913,0.035661,0.341712
0.344299,0.642025,0.357109
-0.063865,-0.658628,0.174842
0.383302,-0.109133,0.051428
-0.143467,-0.048637,0.193173
-0.246221,0.483661,0.487640
0.424231,0.284827,0.050002
0.217410,0.333106,-0.340363
-0.252716,0.036909,-0.087087
0.118860,-0.199583,0.209469
0.154906,0.218288,0.244704
0.347503,-0.551527,0.429614
-0.232118,-0.041419,0.541128
0.161951,-0.123434,-0.029062
0.365993,-0.173537,0.418441
-0.396253,-0.346028,0.056933
-0.092657,0.047560,-0.800676
0.319874,0.184178,-0.569708
-0.536043,0.766076,0.331573
0.223331,0.286838,0.074145
-0.069046,0.118970,-0.149284
0.186423,0.081738,-0.119356
-0.328079,-0.137894,-0.327190
-0.448921,0.535608,0.073741
0.176636,0.157919,-0.003209
-0.052906,0.169904,-0.042251
-0.012392,-0.544403,-0.125256
0.213464,0.049636,-0.432280
0.708781,0.028687,-0.831617
0.440145,0.153718,-0.248899
-0.304049,-0.033571,-0.122261
0.068287,0.268099,-0.153430
0.431780,-0.355038,-0.134330
-0.115515,-0.510741,0.348395
-0.697685,0.179277,-0.044987
0.034322,-0.214286,0.219963
-0.076952,-0.159475,0.255213
0.447391,0.004711,-0.433051
0.244341,0.147312,0.439200
0.138953,-0.139485,0.326659
0.190628,-0.065743,0.027062
-0.002003,0.545227,0.136797
-0.231830,-0.081273,0.103020
-0.393017,0.669238,-0.317947
0.493604,0.197070,-0.340659
0.541764,-0.269512,0.413649
0.002398,0.235858,-0.165169
0.084406,0.130498,0.315461
-0.328536,-0.010710,0.134216
-0.749707,0.550357,-0.472086
-0.129504,-0.017455,0.183315
0.273566,-0.119887,0.277342
0.058480,0.015050,0.267443
-0.191921,-0.283042,0.048054
-0.197314,-0.190983,0.134171
-0.009689,-0.319151,0.159737
0.398632,-0.081897,-0.152904
-0.249047,0.107811,0.215706
-0.174919,-0.069437,-0.006246
0.268170,0.290379,0.008343
0.849281,0.761764,0.119943
0.762775,0.579797,0.178243
0.548584,-0.234372,0.207333
-0.117870,0.201362,0.098391
0.141646,-1.367550,-0.909560
-0.286958,-0.597858,0.668598
0.097739,0.364651,-0.291020
-0.461173,-0.217419,0.643690
-0.379703,0.153866,-0.182226
0.500139,-0.168341,-0.139925
-0.118940,-0.146714,0.011378
-0.422947,0.061850,-0.013219
-0.159816,0.042866,0.109831
-0.183238,-0.089613,0.104553
0.273602,0.024030,0.048035
0.423072,0.337266,0.212243
-0.418901,-0.118687,-0.305629
0.810677,0.605568,-0.080956
-0.783736,-0.208655,-0.341753
0.860298,-0.145920,0.207684
-0.269401,-0.293982,0.353641
0.137215,-0.439297,0.248819
-0.271281,0.344261,-0.135234
0.094673,-0.225296,0.205048
0.405412,-0.141046,-0.109919
0.118637,0.018010,0.250909
-0.146267,-0.188634,-0.499391
0.245591,-0.472513,0.267477
0.072709,0.102505,-0.220119
-0.141215,0.144416,-0.097587
-0.174215,0.340316,0.044611
-0.013296,-0.310157,0.149769
-0.359064,-0.006096,-0.902960
-0.016874,-0.062128,-0.318413
-0.018643,-0.099863,-0.263602
0.010984,0.158064,-0.437407
-0.850758,0.294841,-0.190471
-0.005704,0.237067,-0.548257
0.353588,-0.692566,-0.117803
-0.210306,0.161603,0.026911
-0.278680,0.086646,0.002840
-0.106039,0.197645,0.279387
0.013638,0.079565,0.112147
0.358535,-0.085004,0.158151
0.008701,0.045821,-0.373489
0.115242,-0.128168,0.228324
-0.205694,-0.053998,0.146005
0.156957,0.374012,-0.620169
-0.507711,0.561264,0.108743
0.549022,-0.986724,-0.266080
0.191855,-0.867034,0.087635
-0.613774,0.210436,0.491774
-0.160140,0.487132,0.289289
-0.014953,-0.384805,-0.265697
-0.007258,-0.493388,-0.168901
-0.012043,-0.439100,-0.045045
-0.336352,0.012972,-0.143246
-0.055542,0.061257,-0.138694
-0.054410,0.105881,-0.018315
0.488755,0.097689,0.032836
-0.211227,0.152814,-0.076944
-0.006062,-0.248518,-0.404442
-0.089285,0.213616,-0.030864
0.022721,0.172089,-1.073200
-0.184264,0.087066,0.042575
-0.739692,0.264190,0.955940
-0.596713,0.047643,-0.275473
0.092447,-0.544151,-0.558014
-0.320087,-0.006002,-0.046532
0.235623,0.489856,0.117550
0.732234,0.850830,-0.440354
-0.057824,0.177344,-0.145756
-0.458661,-0.023605,0.473879
0.066150,-0.153715,0.122534
0.161977,-0.165542,0.629889
0.233080,0.150725,0.010185
0.303324,-0.159917,-0.055194
0.213959,-0.141082,-0.154925
-0.023219,0.164314,-0.100687
0.173670,0.706778,-0.313535
0.413410,0.673890,0.927929
-0.078187,0.353134,-0.209417
0.747606,0.089495,0.078900
0.278102,-0.102126,-0.278837
0.240468,-0.040201,0.350471
-0.045531,-0.074946,0.331306
0.163810,0.280681,-0.295484
0.114918,-0.119787,0.294424
-0.173637,0.107549,0.367192
0.181958,-0.311641,-0.025973
0.607647,-0.002472,0.266277
-0.102842,0.339442,-0.333294
0.181250,0.054916,-0.165145
0.581586,-0.144887,0.272488
-0.302593,-0.082303,0.288222
-0.423678,-0.499729,-0.072796
0.071659,-0.097931,0.320150
-0.521295,0.733923,0.238348
0.537088,-0.511914,0.046573
0.304386,-1.109450,-0.143309
-0.630543,-0.459976,0.302113
-0.547902,-0.699571,0.379297
0.401463,-0.546902,0.130809
-0.182229,-0.394385,-0.240234
0.038954,-0.053578,-0.303816
-0.109441,0.245901,-0.352240
-0.082958,0.483748,-0.208759
0.264404,0.011851,0.357196
-0.306992,0.017786,0.171980
-0.590601,0.312722,0.631490
-0.373821,-0.221082,-0.215049
0.908205,-0.167547,-0.363898
0.348359,0.753252,0.204498
-0.456772,-0.414439,-0.392010
0.291577,-0.201854,0.307741
-0.787347,-0.064186,-0.068562
-0.099747,0.327177,-0.061537
0.657302,0.080782,-0.068165
-0.075088,-0.390112,-0.436391
-0.239011,-0.211102,-0.111274
0.291097,-0.303680,-0.152223
0.195757,-0.121830,0.249230
-0.018203,-0.134964,0.018157
0.095359,-0.155921,-0.039737
-0.060485,0.271855,-0.324884
0.193781,-0.068710,0.188700
0.095709,-0.033874,-0.007352
0.320462,-0.789290,-0.451951
-0.159114,-0.323005,-0.036242
-0.021258,-0.191740,-0.142894
0.139181,0.274369,-0.565338
-0.363464,-0.527403,-0.396696
0.735337,0.915145,0.387106
-0.083934,-0.105585,0.280780
-0.679961,0.378873,0.121150
0.037308,-0.062521,-0.234757
-0.114117,-0.434902,-0.070052
0.017794,-0.454502,0.044192
-0.197086,0.076853,0.080654
-0.019181,0.031193,0.283970
0.057614,0.155309,-0.226867
-0.112859,-0.331470,-0.137591
-0.509094,0.065029,0.222089
-0.203683,0.422797,0.172039
0.736591,0.430637,-0.178484
-0.126985,0.075293,-0.147084
-0.823287,0.172888,0.308769
0.320698,-0.610561,0.001559
0.349118,0.190203,-0.100657
-0.378588,0.399111,-1.108590
0.467534,0.208806,0.080687
0.104867,0.015736,-0.346251
0.032105,0.199503,0.295378
-0.138352,0.053512,0.102120
-0.396771,-0.105592,0.028208
0.274054,0.294921,0.281280
0.151765,0.140897,0.253762
0.045795,-0.114238,0.085203
0.166070,0.125041,0.053430
0.575215,0.340844,0.168261
-0.121909,0.396268,0.250592
0.073842,-0.198910,-0.069859
-0.861705,0.242352,0.146231
-0.153755,-0.041682,-0.279944
0.022439,0.083407,-0.063336
0.098404,-0.805060,-0.045509
0.083505,0.006539,-0.763240
0.105309,-0.248932,-0.370745
0.130048,0.003785,0.179183
-0.080775,-0.250060,-0.033106
-0.053496,0.265375,0.007781
-0.376139,-0.110175,0.174039
-0.132584,0.078403,0.062185
-0.094347,-0.108487,-0.075656
0.008961,-0.423586,0.063966
0.470425,0.153023,0.926737
0.360950,-0.454569,0.188898
0.005366,-0.277224,0.195905
0.071093,0.708056,-0.252750
-0.194305,-0.455930,-0.150408
-0.107204,0.541581,0.066828
0.352593,0.133941,-0.022269
0.916689,-0.013351,0.428916
-0.168041,-0.208081,0.068032
0.136671,0.127543,-0.055602
-0.071960,-0.277715,-0.043003
0.223207,-0.100979,-0.120615
0.091988,-0.102756,-0.189881
0.378322,0.069436,0.597166
0.039713,-0.118435,0.728960
0.027659,-0.151557,-0.067361
0.142869,0.371757,-0.138194
0.017123,-0.234914,0.735885
0.394914,-0.206173,-0.053383
-0.319374,0.465597,0.121694
0.087079,0.234087,0.090368
-0.249055,-0.300247,-0.634160
-0.177407,0.092319,0.738747
-0.392894,0.110123,-0.365635
-0.026863,0.065978,0.352245
-0.046268,0.233219,0.086977
-0.198560,-0.019214,0.034636
0.177108,0.102999,-0.233541
-0.178824,0.153216,0.225686
0.145442,-0.211163,0.165493
0.334571,0.009170,-0.125528
0.072273,0.222959,0.102247
-0.537268,-0.417089,0.053958
-0.271566,0.544317,0.068366
-0.194821,0.123718,-0.007350
0.067646,0.479406,0.104935
-0.064128,-0.279664,0.941330
-0.044671,-0.164308,0.007677
0.382625,0.606182,0.745174
0.306600,-0.292736,-0.407269
0.435415,-0.102445,0.195683
-0.131713,0.120654,-0.274024
-0.260020,0.000270,-0.140155
-0.338682,0.154364,-0.123075
-0.178353,-0.356735,0.050383
-0.145191,0.191399,-0.092902
0.140603,0.001413,-0.069730
0.363717,-0.249867,0.407873
0.504237,0.089420,0.059447
0.054710,0.233660,-0.786103
-0.095058,-1.266290,-0.296118
0.214788,-0.374641,-0.026940
-0.104498,1.170680,-0.958952
0.212059,0.119183,-0.374585
-0.752925,-0.793592,0.184211
-0.075343,-0.132217,0.352197
0.168349,0.267329,0.259833
-0.249819,-0.098866,-0.160592
0.066464,0.014658,0.093175
0.088762,-0.072277,-0.115210
0.167661,0.096154,-0.069982
0.385585,0.388034,0.137802
0.226918,-0.190358,-0.396582
-0.260377,0.054909,-0.062892
-0.079118,0.259386,0.240712
-0.745970,0.567265,0.669349
0.354558,0.382307,-0.168450
0.470958,0.123197,-0.065628
0.529624,0.368921,0.319795
0.135274,-0.027530,0.242211
-0.195768,-0.101465,0.183570
0.153446,-0.246463,-0.117966
-0.247309,-0.079558,0.319535
0.057337,0.052921,-0.092268
-0.230893,-0.036755,0.068732
-0.065476,0.219103,-0.002284
0.364348,-0.115738,0.279736
-0.247270,-0.380287,0.249122
0.033167,-0.276148,-0.050882
0.115256,0.059395,-0.182754
0.194088,0.034078,-0.353099
-0.191920,-0.222709,-0.319988
0.421464,-0.056038,-0.126854
-0.008961,0.161491,0.322527
-0.680858,0.166458,0.525736
-0.268929,0.504004,-0.050727
0.093917,-0.585822,0.384693
-0.169621,-0.542620,0.712321
0.164490,-0.265608,0.104646
-0.011808,0.755391,0.452620
-0.395557,0.001958,0.055178
0.173643,-0.003797,-0.091437
0.346584,-0.347361,-0.049886
0.128948,-0.264613,-0.613681
0.366979,0.112309,0.070273
-0.045662,-0.150577,-0.256207
-0.230818,-0.187181,0.350119
0.234117,0.616603,0.065562
0.376781,0.553089,-0.161708
-0.414640,0.449282,-0.119407
-0.543176,-0.212211,0.218179
0.307811,0.664183,0.007276
-0.666960,0.381653,0.799938
0.092715,-0.417011,-0.580144
0.099497,-0.197479,0.003785
-0.021003,0.054006,0.013772
-0.075600,0.090030,-0.339791
-0.078301,0.493932,0.242866
-0.219823,0.175345,0.090365
-0.334181,-0.002872,-0.109235
0.299102,-0.033592,-0.264612
0.245691,0.154234,-0.134590
-0.301506,0.191213,0.480408
-0.306176,0.424704,0.376242
-0.234281,-0.533044,0.118223
0.151540,-0.138754,-0.006904
0.215619,0.264949,0.124528
0.011718,0.603943,0.236643
0.057212,0.037787,0.290693
-0.201338,0.482496,-0.286263
0.081316,0.015318,-0.012404
0.132217,0.112710,0.145647
-0.461420,0.114511,0.108373
-0.261325,0.140168,-0.120640
-0.011012,0.027443,0.157913
-0.004324,0.215543,0.191612
-0.368886,-0.131223,-0.089728
-0.418155,-0.081966,0.046167
-0.083817,-0.008183,-0.840710
-0.010107,0.268534,0.117247
0.188666,0.363389,-0.461580
0.180654,0.051465,0.355017
0.469353,-0.618802,-0.170479
0.362813,-0.584530,-0.237701
-0.035041,-0.153024,-0.128711
-0.216021,0.950432,-0.248480
-0.094269,-0.262444,-0.206215
-0.372570,0.419111,0.313468
0.391811,0.184348,0.402092
0.307159,-0.361611,0.312945
-0.112299,-0.412860,0.243733
0.418369,0.013831,0.286799
-0.456959,-0.164431,0.360687
0.699752,0.212493,-0.075365
-0.224179,0.661824,0.540361
0.188196,0.363140,0.479272
0.681222,0.158186,-0.108750
0.001333,-0.035066,0.145368
-0.523745,0.331974,0.373956
-0.554116,-0.097966,-0.036030
-0.061781,-0.314872,0.599250
0.495078,0.132083,0.087137
0.227562,0.047970,0.242733
0.309280,0.025008,-0.058661
0.015793,0.459248,0.005521
-0.035606,0.059362,-0.156766
-0.026887,0.097810,0.045885
0.270981,-0.007459,-0.345935
-0.172738,0.217549,0.201882
0.019026,-0.262237,-0.252735
-0.070303,-0.028926,0.267456
-0.171279,-0.318774,0.042374
0.046992,0.364387,-0.316772
-0.017125,0.514469,-0.565261
0.175679,-0.318921,0.658908
-0.337292,0.825960,-0.269620
-0.367459,-0.081915,-0.286306
-0.510626,0.316092,0.147501
0.065857,0.045268,0.199870
-0.271340,0.218598,0.325946
-0.118628,-0.020617,-0.013149
0.122189,-0.192030,0.095621
-0.123081,-0.284319,-0.035095
-0.079831,0.102366,0.364664
0.362138,0.022911,0.076683
0.068200,-0.323730,-0.271013
0.223280,-0.011217,0.425395
0.784808,-0.372886,-0.522489
0.390278,0.381831,0.388691
-0.037976,0.258872,0.202356
-0.159592,-0.087300,0.437966
0.176629,-0.262331,-0.449910
-0.294694,-0.165564,0.016160
0.096203,0.107808,0.224216
-0.654366,-0.250025,0.009871
-0.231070,0.052094,-0.199727
0.140491,-0.065757,-0.102318
-0.585816,-0.274068,0.265828
-0.363854,0.045990,-0.240822
0.049428,0.134745,-0.278167
0.377132,0.282242,-0.158444
0.118863,0.015888,-0.073309
-0.160145,0.314657,0.366769
0.104983,0.397569,0.517976
-0.018386,0.816070,0.056333
-0.413445,0.091830,-0.590287
-0.052160,0.314810,-0.520287
-0.235241,-0.435142,-0.741894
-0.352783,-0.278055,0.443614
-0.254085,-0.386339,0.422861
0.236039,-0.038640,0.015881
-0.202051,-0.353498,0.199691
-0.267042,-0.225419,-0.172974
0.086046,-0.156798,-0.554267
0.224050,0.322931,0.017958
0.323249,-0.226989,-0.018118
0.015400,0.337816,-0.297131
-0.050973,-0.033232,0.317349
-0.080411,-0.404856,-0.119809
0.310174,-0.317406,-0.728543
0.610804,0.164450,0.141778
-0.249051,-0.563092,-0.469040
-0.072468,-0.602609,0.289101
0.640268,-0.726357,1.044200
0.082846,-0.279097,-0.112006
0.625963,-0.193730,0.174850
-0.321115,-0.227214,0.233406
0.440673,0.081360,-0.012667
0.316687,-0.202638,0.313167
0.026102,0.007290,0.409099
-0.079295,0.253982,-0.087203
-0.128646,0.014303,0.244545
-0.149237,0.204081,0.109286
-0.184378,-0.020215,0.324948
0.351291,-0.075441,-0.623990
0.196342,0.011878,0.305944
0.322782,0.037938,0.150349
-0.059732,0.128443,0.098655
0.406924,-0.154653,-0.569706
0.793729,0.066781,-0.170955
-0.107018,-0.441322,0.476497
0.728386,-0.283273,-0.142811
0.001856,-0.073167,0.001185
-0.290665,-0.080452,-0.075873
-0.648270,0.497411,-0.443777
-0.404377,0.099805,0.363660
0.208980,-0.077100,0.098705
-0.130715,-0.013461,0.592218
-0.403320,-0.156766,-0.527306
-0.082215,-0.071207,-0.166314
-0.107668,0.204515,0.475055
-0.347622,-0.004705,-0.451822
-0.155214,0.218830,0.297689
-0.384641,-0.571689,-0.202738
-0.105568,-0.263064,0.233018
0.369950,-0.525300,-0.353606
0.675633,-0.555919,-0.630751
0.251678,-0.138886,-0.183153
-0.054338,-0.076821,-0.079310
0.285917,-0.156887,-0.407448
-0.027600,-0.103704,-0.419787
0.093818,-0.201397,0.497644
0.602451,-0.301645,-0.025341
-0.133712,-0.586174,-0.006600
-0.010892,-0.063789,-0.072159
-0.310629,0.019266,-0.344101
-0.292831,0.071772,0.342580
0.019747,0.136555,-0.184419
-0.055377,-0.220619,-0.379728
-0.149556,-0.659668,0.209985
0.339237,-0.232587,-0.962454
0.243483,-0.048422,0.531296
-0.073626,0.201244,-0.826607
-0.202254,0.421399,0.052354
-0.030455,-0.104108,0.355614
0.043509,-0.347387,0.059058
-0.184066,-0.144974,0.497043
-0.344981,0.250476,-0.169250
-0.213346,0.032099,0.584450
-0.349433,0.111066,0.331838
0.202356,-0.076471,-0.240276
-0.079308,0.432828,0.203723
0.060011,0.458575,-0.014677
0.596913,-0.735164,-0.103373
-0.836717,0.386930,-0.438217
-0.302078,-0.021607,0.231956
0.518360,-0.129180,0.260638
-0.422871,0.353673,0.273032
0.012145,-0.977579,-0.075560
0.510590,0.537779,-0.562040
0.103099,0.010491,0.077996
0.054864,-0.012837,-0.240815
0.103131,0.140062,-0.067979
0.062765,0.532619,0.358614
0.724266,-0.292023,0.022735
0.461742,0.285768,-0.148054
0.110772,0.204176,-0.052908
0.051823,0.137925,-0.013256
0.083010,-0.804719,-0.031162
0.317010,-0.364862,0.035022
0.285222,-0.217353,0.043468
-0.754480,-0.253577,0.280278
-0.575076,-0.436341,0.553085
0.569857,0.322941,0.233105
-0.215570,0.337402,0.147159
0.114582,0.130754,0.042811
0.100234,0.011211,-0.285479
-0.137289,0.475657,0.016777
-0.352751,0.169702,-0.133920
0.037541,0.114619,-0.145438
0.168665,-0.076538,-0.083421
0.181793,-0.358283,-0.180506
-0.182782,0.017614,0.209942
-0.236185,-0.031393,0.263923
-0.420623,0.072070,-0.193022
-0.275432,0.498136,-0.505458
-0.123552,0.357573,0.095070
0.268990,0.348479,-0.429093
-0.048488,-0.328236,0.139161
-0.063966,-0.593526,-0.737021
-0.113582,-0.266228,0.103519
0.452429,-0.521580,0.285118
-0.415767,-0.315172,-0.214295
-0.200315,0.183555,0.158580
0.090144,-0.364857,0.200303
-0.173321,-0.058815,0.255661
0.194177,0.087843,-0.403527
0.006794,-0.049483,0.008594
0.043281,-0.110078,-0.031591
-0.238468,-0.400157,-0.209681
0.914611,-0.384843,0.520544
-0.388776,0.148026,-0.730586
-0.112255,0.339904,0.465253
-0.294253,-0.125112,-0.206400
0.250579,0.043516,0.366118
0.705473,-0.134065,0.445043
-0.190728,0.143164,-0.208276
-0.092318,-0.809145,0.502010
-0.278266,-0.140529,-0.266188
-0.509245,-0.067128,0.113000
0.202181,-0.052408,-0.029989
0.077327,0.184600,-0.412500
0.123778,-0.171425,0.257631
-0.156605,0.107793,-0.491286
-0.248157,-0.167766,0.214468
0.053061,-0.487398,0.568704
-0.324353,0.173156,-0.530147
0.072946,-0.020278,0.001757
-0.122568,0.054341,0.643156
-0.543889,-0.011892,-0.060436
0.195243,0.365540,0.020983
0.282372,0.166958,0.754696
0.067561,0.162142,-0.497089
-0.089419,-0.327882,-0.200143
-0.310841,0.083127,0.302426
-0.099315,-0.591575,-0.214147
-0.224123,0.365688,-0.220322
-0.182527,-0.001730,-0.271134
0.060217,0.032634,-0.190816
0.139091,0.083027,0.092072
0.000539,-0.271351,0.104848
-0.164914,0.198708,-0.182743
-0.562239,0.327516,-0.054042
-0.115239,0.347307,0.008494
0.346192,0.192708,0.574636
0.058196,0.376550,-0.278541
-0.522343,-0.435051,-0.603694
-0.154568,0.062230,0.234664
-0.586796,-0.399029,-1.088870
0.359452,0.233281,0.249235
0.532663,-0.280331,0.115293
-0.329047,0.052134,0.051536
0.032243,-0.053804,0.090551
-0.231226,0.179169,-0.195099
-0.117318,-0.042209,0.187183
-0.005359,-0.122924,-0.335179
-0.505550,0.288858,0.211440
-0.190747,0.076680,0.060786
-0.585599,0.040947,-0.483518
0.090976,-0.114375,0.516465
0.373609,-0.976481,0.384431
-0.782208,-0.548354,0.678510
0.398962,0.414168,0.363263
0.092472,-0.805572,0.220321
0.037785,-0.303318,-0.279888
-0.083534,-0.312250,0.312793
0.168721,-0.233421,0.128814
0.332072,0.196793,-0.288457
-0.163201,0.008721,0.570056
-0.365332,0.030792,0.155995
0.301638,0.146555,-0.330802
-0.099429,0.035366,-0.078118
-0.055996,-0.059717,0.054498
-0.226637,0.121308,0.418925
-0.553973,0.014504,0.133295
-0.321976,0.484006,-0.393466
0.189018,0.252169,-0.364989
0.192178,-0.133420,0.183673
-0.392979,-0.117014,0.453696
0.444114,-0.550079,-0.154812
0.803348,-0.254793,0.085402
0.401938,-0.012408,0.128868
0.181911,0.339943,-0.177311
0.168628,-0.284253,-0.113371
-0.419816,0.007928,-0.057700
0.113960,0.012909,-0.451429
0.102611,0.165201,0.477786
0.089590,-0.223609,0.323604
-0.115559,0.027740,0.088127
-0.390210,0.053175,-0.142008
0.095070,0.206525,0.654283
1.098980,-0.243110,-0.268597
-0.205627,0.421159,-0.072046
0.255787,-0.715580,0.064581
-0.026588,0.040889,0.130162
0.351649,-0.873533,-0.249249
0.092028,-0.568785,-0.670233
-0.066355,0.307882,0.529254
0.020094,0.575303,-0.143581
-0.484311,-0.259121,0.090740
-0.066676,0.283931,-0.149650
-0.194599,0.134470,0.012172
-0.060161,-0.043940,0.042494
0.180798,-0.109575,0.051232
0.373662,-0.228941,-0.047336
-0.091931,0.070088,-0.309221
-0.883857,-0.250724,0.506562
-0.631179,-0.740636,0.002218
-0.580918,-0.139894,-0.353154
0.145032,0.299709,-0.065279
-0.101540,-0.611339,-0.461530
0.670636,-0.232729,0.016726
-0.051494,0.876743,-0.574181
-0.430042,0.056225,-0.920835
-0.179893,0.132098,-0.356293
-0.331389,-0.010998,0.398414
-0.218926,0.074099,0.177691
-0.229755,0.281169,-0.207803
-0.003411,-0.146415,0.407145
-0.486240,-0.289697,-0.331209
0.307367,-0.163855,-0.296979
0.130468,0.185495,0.036498
0.139768,-0.175524,-0.054719
-0.069193,-0.709390,-0.345977
0.419665,1.000900,-0.134838
-0.024861,-0.765938,0.720935
-0.201851,0.061067,-0.563234
-0.767528,0.481370,0.390808
0.098843,-0.466244,0.602054
0.298997,-0.123632,-0.442919
0.188713,0.306773,-0.257833
0.095047,0.204048,0.305547
0.020386,0.191329,-0.309787
0.275826,0.046241,0.155239
0.098774,-0.288295,-0.307586
0.263399,-0.025132,0.131344
0.405447,0.423995,-0.202575
0.193679,-0.083560,0.085698
-0.319790,-0.086434,-0.218115
-0.508259,-0.326238,0.023908
-0.446494,0.460729,-0.761053
0.137721,0.120917,-0.012375
0.274543,0.152979,0.038603
-0.686648,-0.070129,-0.700288
0.418617,0.353507,0.044355
-0.411850,-0.134282,-0.212338
-0.439605,-0.010007,-0.210770
-0.156830,0.225290,-0.011748
0.176472,-0.073482,-0.383889
0.034228,-0.256217,0.048246
-0.251394,0.424513,-0.324048
-0.053591,0.140478,0.345325
-0.457273,0.144021,-0.111447
0.495981,-0.147192,-0.238355
-0.033010,-0.286493,0.846532
-0.493760,-0.170172,-0.466943
-0.548370,-0.131908,-0.395112
-0.584306,-0.671468,0.254089
-0.171387,0.826099,-0.255460
-0.106940,-0.350774,-0.007519
-0.066729,0.558284,-0.333299
0.012646,0.081560,-0.258456
0.086068,-0.012854,0.093005
-0.131120,0.353320,-0.066692
0.033760,0.000314,-0.180111
0.255504,-0.389520,0.000704
-0.064981,-0.011174,0.196874
0.006244,0.022478,0.026597
0.421695,-0.178323,-0.202092
0.023312,-0.074720,-0.107308
-0.117362,-0.620604,0.034867
-0.699046,-0.157678,-0.123252
-0.475901,-0.603978,-0.480718
0.542259,0.304736,0.433086
0.333977,0.053909,0.232612
0.995198,0.418337,-0.500357
0.733358,0.299906,0.024350
0.463078,0.561503,-0.295641
0.343574,-0.066469,0.080222
-0.021976,0.145243,0.132947
0.104808,0.160136,0.071528
0.009753,0.380360,-0.627848
0.438128,-0.067234,0.278598
-0.012892,0.241047,0.336536
0.437242,-0.033621,-0.178332
-0.164093,0.167961,-0.092076
-0.210206,0.141381,0.237374
0.990779,0.147869,-0.166961
-0.241903,0.000386,-0.495448
-0.100128,-0.327025,-0.291702
-0.129267,-0.393173,-0.310225
-0.032694,-0.919791,0.397474
0.378051,-0.038182,-0.249275
0.200430,0.075492,-0.182503
0.026617,0.092624,-0.159660
0.589019,0.332993,0.070436
0.506476,-0.038303,0.263073
0.097690,-0.140801,0.138013
-0.067674,0.020943,0.157235
-0.601224,0.091453,0.430918
0.072664,0.323289,-0.298026
0.069110,-0.131342,-0.126427
-0.357705,-0.050533,0.360225
-0.422497,-0.209030,-0.085402
0.327959,-0.554456,-0.145363
0.988388,-0.062636,-0.134964
0.102554,-0.052391,0.163235
-0.074692,-0.429941,-0.227410
0.191494,-0.404192,-0.104815
-0.088713,-0.080404,0.280819
0.000602,-0.160718,0.215563
0.072948,-0.367811,-0.147389
-0.300103,-0.049308,-0.113515
-0.216692,-0.005171,0.090486
-0.207076,0.129995,0.042818
-0.438950,-0.048058,-0.151867
-0.149314,0.024574,0.303171
0.068828,-0.201481,0.086701
-0.141351,-0.193198,-0.125164
0.050324,-0.441525,-0.250698
-0.685956,-0.306882,0.177997
0.105770,0.161307,0.646934
0.695311,0.705413,-0.440409
-0.726084,-0.279144,-0.315593
0.247325,-0.346558,-0.067205
-0.166598,0.806061,0.323812
0.350604,-0.020786,-0.050193
0.011670,0.087140,-0.022215
0.386919,-0.267288,-0.168709
0.099536,-0.105239,0.446609
0.187283,0.168979,-0.111832
-0.063470,0.119147,-0.146094
0.184791,0.059547,0.094641
0.149144,-0.118234,-0.259828
0.421432,-0.454630,-0.067425
-0.203574,0.604163,0.164704
0.355226,0.556102,0.599549
0.450563,0.100363,-0.218840
-0.391292,-0.173404,-0.035297
-0.803008,0.128267,-0.080794
0.342316,0.171118,0.421186
-0.199237,-0.028539,0.116539
0.180897,0.326150,-0.083965
0.023046,0.314040,0.017123
-0.144160,-0.090584,-0.347089
-0.251605,-0.565646,0.056962
-0.211496,0.202635,-0.485477
-0.310489,-0.030358,-0.203667
-0.072653,0.134553,-0.479351
0.225732,-0.011881,0.089315
-0.067467,-0.302333,0.246613
-0.582673,0.580187,-0.226585
-0.159229,-0.156398,0.119965
-0.066617,0.086328,-0.154312
-0.086589,-0.033023,-0.388489
-0.496946,-0.040648,0.208291
-0.406577,-0.238600,0.109271
0.153719,0.262715,-0.110457
0.084062,0.134426,0.263771
-0.298011,0.017970,-0.103833
-0.370792,0.309152,-0.172946
0.033855,-0.099957,0.051885
-0.014918,-0.281386,-0.029347
-0.197383,-0.240373,-0.043073
0.068571,0.110529,-0.020068
-0.463565,0.172659,-0.363574
0.095192,0.176747,-0.256364
0.024729,0.492184,-0.154157
0.045710,0.744794,-0.570921
0.111812,0.222393,-0.320938
-0.004336,1.053390,-0.089604
0.405463,0.681333,0.301042
-0.131041,-0.278680,-0.074117
0.277761,-0.344784,0.647696
-0.037243,-0.036469,-0.088990
-0.125995,-0.175569,-0.083699
-0.489364,0.188324,0.337509
0.548273,0.493100,-0.075249
-0.087525,-0.225994,0.203001
0.293370,0.104926,-0.361114
-0.112492,0.130668,-0.151300
-0.289038,0.167478,-0.089439
0.001133,0.148210,-0.294655
0.043513,0.447499,0.187489
0.520727,-0.330528,0.460397
0.200776,0.038536,-0.604131
0.372280,0.209174,-0.303376
-0.265443,0.703111,-0.501681
-0.312910,0.306521,-0.024383
0.081369,-0.021027,0.154738
-0.322228,0.314947,-0.435349
0.298942,0.296537,-0.556319
0.039323,0.205925,-0.330929
-0.051915,0.027060,0.216634
0.036026,0.192649,0.013024
0.055099,-0.269827,-0.263739
-0.049518,0.260306,-0.147012
-0.186106,0.233627,0.331459
0.698818,0.133195,-0.739122
0.416224,-0.720067,-0.097956
0.224505,-0.596884,0.342541
0.379595,0.197871,0.171461
-0.524052,0.556179,0.293082
0.389383,-0.485355,0.162280
0.195653,-0.578267,0.449941
0.529688,-0.122641,-0.092367
-0.149296,0.041050,0.026826
0.169534,0.461346,0.088238
-0.379106,0.229376,-0.052671
-0.158889,-0.150244,0.024395
0.272396,-0.112787,0.026772
0.103855,0.107743,-0.232964
-0.317974,0.189505,-0.148764
0.166395,-0.338438,-0.439511
0.386879,-0.212241,-0.008286
0.283486,0.000537,0.114626
0.301734,-0.064466,0.633484
-0.513919,-0.203928,0.161755
-0.146225,-0.550350,0.326690
-0.593601,0.507677,0.203344
0.290502,-0.560055,0.255164
-0.127525,0.030808,0.287774
0.020588,-0.031060,-0.076573
0.220929,0.185561,0.134855
-0.213036,0.266424,-0.152020
0.424497,0.076330,0.156345
0.140012,-0.261498,0.117448
-0.185515,0.285852,-0.132128
0.290070,-0.001024,-0.171429
0.438005,-0.161405,-0.134974
0.541419,0.072952,-0.581219
-0.085506,-0.035536,-0.282807
-0.117247,0.003082,0.264535
0.258279,0.281052,0.221556
-0.388208,-0.273711,0.035510
-0.072477,-0.362346,-0.793163
-0.236236,0.122958,0.512785
-0.310417,-0.363824,-0.256701
-0.210031,0.479466,0.016638
-0.130759,0.089882,-0.313419
0.003299,-0.057921,-0.204772
-0.055658,0.092176,-0.039750
0.098266,-0.087449,0.060522
-0.026103,0.066925,0.228690
-0.107232,-0.003792,-0.027266
-0.003392,-0.169804,-0.300619
0.481239,-0.330008,0.060959
1.210390,0.261361,0.257685
-0.131122,0.326230,0.402066
-0.382476,-0.220610,-0.347049
-0.952565,-0.391476,0.186657
-0.301822,0.123947,-0.095413
-0.227789,0.367106,0.266062
-0.129277,0.075949,0.061775
-0.008209,-0.417962,0.083186
-0.020947,0.014264,0.178805
0.399341,0.056914,0.186023
-0.134616,-0.115867,0.280255
0.197696,0.161806,-0.237512
0.320379,-0.215558,0.051549
-0.057945,0.244697,0.292043
-0.091314,0.465244,-0.239960
0.155858,-0.237381,-0.586001
-0.129071,0.004465,-0.021076
0.442783,0.049909,-0.192422
0.288178,-0.437960,-0.396444
0.109044,0.295374,-0.811724
-0.452119,0.743063,-0.424489
-0.645823,0.043578,-0.845912
-0.376653,0.405981,-0.451568
-0.125354,-0.027377,-0.151393
-0.159487,0.049644,0.001859
0.212100,0.074270,-0.034974
0.187523,-0.186735,-0.300150
-0.096602,-0.116867,-0.190356
-0.458775,0.434095,0.380838
-0.055843,0.123796,0.430117
0.204330,0.168690,0.252597
0.441774,0.375701,0.037721
0.173986,0.326403,0.079358
0.530643,0.660135,0.179521
-0.043887,-0.388129,0.153475
-0.528930,0.151358,0.301512
0.134376,-0.088712,-0.173054
-0.300083,-0.156742,0.007876
-0.286125,-0.453165,-0.105716
-0.105482,-0.137377,-0.319069
-0.647381,0.440587,-0.275447
0.168489,0.196689,0.146395
-0.130505,-0.120305,0.106937
-0.290244,0.043555,-0.193504
-0.310758,-0.138647,-0.195396
-0.324371,-0.120386,-0.025582
-0.381693,0.104854,-0.265681
0.145078,0.210899,-0.625767
-0.356566,-0.278402,0.493279
0.175124,0.108784,-0.625464
0.268123,0.512583,-0.175172
-0.041487,-0.128212,0.553899
0.158759,0.213664,-0.047862
0.002505,0.611599,0.691346
0.288922,0.346428,0.009872
0.466157,0.005894,-0.027213
-0.302687,0.019661,0.151147
0.168732,0.281711,0.232171
-0.084767,0.574084,0.163409
0.016231,-0.531167,0.099157
0.079940,0.022506,0.104011
-0.149395,-0.398599,-0.225162
0.445367,0.089235,0.048671
-0.026868,-0.035298,0.191813
0.031483,-0.235936,0.258609
0.479427,-0.005468,-0.334752
0.139611,-0.326692,-0.330458
-0.167879,-0.791880,0.352906
0.205804,0.348195,0.074072
-0.173351,0.369875,-0.505835
0.182071,-0.211988,0.496251
0.477191,-0.110954,0.402496
0.071071,0.108433,0.088461
-0.164526,-0.414404,0.035842
-0.352233,-0.185475,-0.290831
-0.053025,0.159438,0.358706
-0.194222,-0.225212,0.191517
-0.118238,-0.189636,0.100910
0.009411,0.074929,-0.006864
0.756353,-0.631935,0.376459
0.509256,0.292414,-0.402686
0.366529,-0.407765,0.050023
-0.236651,-0.234115,-0.125369
0.222688,0.014044,-0.241389
-0.140416,-0.356507,0.292688
0.048505,-0.910608,-0.344726
0.795381,-0.228421,0.586993
-0.060331,0.013305,0.106452
0.073432,0.010891,0.084837
-0.237380,-0.552620,0.239825
-0.048466,-0.049515,0.229929
-0.151092,0.277394,-0.219995
-0.029390,0.221669,0.021286
0.126342,0.216455,-0.041641
0.051653,-0.163678,0.003650
0.370957,0.569253,0.090892
-0.513909,-0.544613,0.415651
0.031709,0.158168,-0.003793
-0.439946,-0.126052,0.087453
-0.628093,0.883071,-0.355987
-0.004182,0.137365,-0.440984
0.066962,-0.625103,-0.259954
-0.195494,0.094185,0.176088
0.006028,-0.075399,-0.236468
0.063206,-0.381415,-0.092637
0.285424,0.115126,-0.323656
0.162796,-0.518575,0.167868
0.095563,-0.157828,-0.396887
0.354385,-0.163900,0.431004
0.057172,-0.064518,-0.080580
-0.068579,0.072705,0.108959
-0.420015,-0.516192,-0.425235
0.058403,-0.142179,-0.059712
0.118275,-0.114643,0.463401
-0.023493,-0.735841,-0.252453
0.032835,-0.046262,-0.328973
-0.438105,0.169515,0.200182
0.128152,-0.477743,0.217391
-0.436180,-0.048114,-0.221652
0.084096,-0.036612,-0.031159
-0.037420,0.057724,-0.281367
-0.116213,0.219105,0.060472
-0.185882,0.207600,-0.140206
-0.015653,0.049769,-0.330983
0.038861,0.230787,0.036149
-0.071842,0.766347,-0.243901
0.233080,0.131094,-0.150103
0.088065,0.037146,0.494566
-0.604426,-0.594761,0.387936
0.076959,0.220510,0.245710
-0.294965,0.010454,0.137681
0.312031,0.901331,0.339983
-0.347319,-0.231435,0.143451
-0.373374,-0.032008,0.765914
0.119931,0.239859,-0.065601
0.365096,-0.032893,-0.034388
0.378801,0.158032,-0.029674
-0.078524,-0.005960,-0.120346
-0.169735,-0.195409,0.334200
-0.044779,0.325876,-0.201156
0.267732,0.055797,0.117237
0.338342,-0.144666,0.185651
-0.589017,-0.090694,0.076759
0.296078,-0.287606,0.039487
0.339865,-0.006462,-0.411505
-0.163942,0.009981,-0.061646
1.002500,-0.407208,-0.169708
0.241466,0.479738,0.246547
0.578037,-0.180740,-0.080220
0.691890,0.708483,0.697013
-0.048771,0.100431,-0.134009
-0.141972,0.014935,-0.145771
-0.273200,0.044798,0.034414
-0.148037,-0.053034,-0.549411
0.157407,-0.091990,-0.067365
0.197559,0.107162,0.601511
0.154770,0.113344,0.030472
0.071227,-0.231553,0.308594
-0.096412,0.083966,-0.112568
-0.107832,0.714410,-0.847143
0.536805,-0.221264,-0.415667
0.785613,-0.164263,0.033377
-0.453627,-0.035593,-0.679363
0.240274,-0.372597,0.092963
0.283728,0.442411,0.189318
-0.227437,-0.282435,-0.060194
-0.057651,0.047453,0.539503
-0.264614,-0.218980,-0.242091
-0.238690,-0.327648,-0.170604
0.239687,0.164830,-0.069038
0.170882,0.197868,0.025507
0.144023,0.338994,0.056924
-0.195937,0.242513,0.149566
0.047386,-0.035108,0.449103
-0.244116,-0.026854,0.433100
0.034570,-0.246516,0.409506
0.262987,-0.225703,0.153568
0.069842,-0.195107,-0.311668
-0.807171,0.024644,0.625194
0.285590,-0.693964,0.325118
0.029013,0.478656,0.015799
0.378752,-0.187079,0.093631
0.415145,0.343260,-0.071428
0.472741,0.089314,0.471301
-0.084141,-0.087046,-0.256670
-0.033406,0.282643,0.336027
-0.306855,0.188047,0.239077
-0.002672,-0.211909,-0.219842
-0.132659,-0.226537,-0.063710
-0.297636,0.173011,-0.094196
-0.058569,0.312154,-0.183750
0.220732,0.207561,0.138576
-0.093215,-0.467592,0.672890
-0.214855,0.092356,0.284758
0.389966,-0.403412,0.692309
-0.358329,-0.580633,-0.193896
0.469992,-0.078241,0.338331
-0.036402,0.236764,-0.286053
0.354190,-0.503422,-0.172546
-0.002653,0.209018,0.107722
-0.010697,-0.503212,-0.049245
0.142335,-0.008522,0.227040
0.154480,0.183650,-0.028777
-0.148724,0.250725,-0.282158
-0.116714,0.631474,0.236907
-0.086735,-0.632704,0.061618
-0.317735,0.292516,-0.013200
-0.332419,-0.390039,-0.243658
-0.277410,0.151064,-0.225014
-0.009448,0.263363,0.370049
-0.276497,-0.237083,0.358245
-0.517193,0.419996,0.034360
-0.010981,0.608336,0.201293
-0.480516,-0.246422,0.487527
0.190719,-0.547756,0.108401
0.151078,0.058395,0.076619
-0.033978,-0.355710,-0.272045
-0.223241,0.410678,0.273734
0.214290,-0.194911,-0.058091
-0.240528,-0.207370,0.100919
0.389333,-0.433578,-0.360182
0.381432,0.292379,-0.065404
-0.129217,0.394522,-0.152501
0.194803,-0.271611,0.679331
0.283726,-0.132785,-0.522905
0.212512,0.501305,-0.091170
-0.144027,0.480034,0.406201
-0.329826,0.452809,0.104979
0.189183,-0.533395,0.038078
-0.319166,-0.203391,0.561955
0.128846,-0.081997,-0.296298
0.359705,-0.215710,-0.006551
0.148925,0.453523,-0.109258
-0.163011,-0.241038,0.020960
0.527841,-0.057019,0.138279
0.047147,0.004377,-0.029900
-0.141959,-0.078329,0.446433
-0.141671,-0.078798,0.060248
0.078670,-0.232016,0.145750
0.324043,-0.170132,-0.436587
-0.275423,0.072429,-0.155240
0.385709,-0.105782,0.577133
0.072233,-0.305179,0.020127
0.679693,-0.334460,0.090753
0.258860,-0.312442,-0.300912
-0.130165,-0.416664,-0.223631
-0.389810,0.633062,-0.217097
0.215674,-0.152266,-0.451555
-0.154259,0.341169,0.049448
-0.051300,0.161141,-0.082080
0.136218,-0.007434,-0.198590
0.097880,0.031158,-0.107754
0.133541,-0.109657,0.187222
-0.057676,-0.074227,0.186733
-0.446140,0.129982,-0.066589
0.258697,0.100137,0.113062
-0.422930,0.278735,0.160360
0.324986,0.794666,-0.603471
-0.235997,-0.324324,0.620357
0.571139,-0.805762,-0.288025
0.469703,0.190018,0.082491
0.346977,-0.098758,-0.080296
-0.096198,0.508761,0.181903
0.042250,-0.111186,0.243401
0.062471,0.173953,-0.314253
-0.257372,-0.105424,-0.003887
0.127866,-0.094100,-0.081262
-0.075651,0.349258,0.373187
0.473944,0.160226,0.273935
0.323796,0.107507,0.362911
0.034554,-0.127051,-0.240367
0.266162,0.215523,0.345327
-0.829562,-0.056829,0.566801
0.370816,0.347363,0.908636
-0.674246,-0.171015,-0.397869
-0.413485,-0.835274,-0.725524
0.150231,-0.222482,0.134380
0.341684,0.425372,0.220885
0.006152,0.232629,0.057570
0.431634,-0.097972,0.266811
-0.299561,0.205074,-0.338908
-0.359057,0.032358,-0.263605
-0.478623,0.354194,-0.045865
0.181488,-0.248243,-0.379323
-0.358054,-0.237278,-0.223446
0.200945,-0.408030,-0.033539
-0.270703,-0.298208,-0.075078
-0.681994,-0.136624,0.719263
0.420274,-0.637309,-0.630106
-0.424433,0.267693,0.556551
-0.192954,-0.550542,-0.661696
0.508462,0.269662,-0.025675
-0.342489,-0.731025,-0.374184
0.194744,0.514323,0.370243
0.105950,-0.292260,0.457637
0.204671,-0.237344,-0.214162
0.313742,-0.165804,-0.568126
0.476216,-0.337976,0.026542
0.522003,-0.293714,-0.155045
-0.222100,-0.071192,-0.134605
-0.146253,0.146535,0.008775
-0.089034,0.055889,0.025148
-0.429362,-0.212048,-0.294383
-0.488067,0.006835,0.040603
-0.461276,-0.428163,-0.157514
-0.312415,-0.076999,-0.081964
0.119263,0.921701,-0.320408
-0.165740,0.149813,0.094656
0.141157,-0.228174,0.460594
0.380621,0.553687,0.244718
0.437448,0.267468,0.217844
-0.167961,0.341408,-0.028351
-0.278503,-0.260091,-0.116256
0.067129,0.221100,0.233365
0.012814,-0.208289,-0.475930
0.097248,-0.164027,0.161971
-0.168603,-0.225190,-0.122086
-0.226168,0.116803,-0.225839
-0.047246,-0.420061,0.067668
0.002909,-0.320527,-0.677264
0.611119,0.007735,-1.665090
0.254577,0.794283,0.226714
-0.189907,0.089619,0.154012
0.712260,-0.121048,0.443558
0.003463,-0.080700,0.128892
0.700267,-0.519665,-0.114871
0.154547,-0.335960,0.174271
-0.135255,-0.015726,-0.161841
-0.102423,-0.257054,0.058965
-0.128502,-0.295112,0.044869
-0.282429,0.062848,0.013429
-0.241776,0.311714,-0.058308
0.079003,-0.001222,-0.194149
-0.253632,0.171698,0.204004
-0.002186,0.312114,-0.026788
-0.060777,0.143690,-0.345241
0.634481,0.044334,0.174127
0.757563,-0.031760,-0.146669
-0.650777,0.810055,0.009346
0.284172,0.198794,0.209850
0.251279,-0.123947,0.027070
-0.034821,-0.130674,-0.043407
0.058524,-0.539186,0.062188
-0.385044,0.033062,0.038054
0.035813,0.409359,0.014985
-0.155976,0.366310,-0.356478
0.055549,0.285156,0.266139
0.118972,-0.427597,-0.053154
0.674642,-0.115414,0.309047
-0.071202,0.442348,-0.309974
0.192860,0.243193,0.019311
0.533880,0.011105,0.345673
0.438883,-0.072948,-0.504959
-0.711386,0.422161,-0.147635
0.981951,0.085841,0.263320
-0.410186,-0.044040,-0.003112
-0.492728,-0.551068,-0.777211
0.221207,0.524417,0.904902
0.064899,0.271077,-0.024924
0.065696,0.036652,-0.123736
0.036380,0.056240,-0.595086
0.021663,-0.006228,0.123043
-0.191946,-0.551545,0.441460
0.517955,0.098014,-0.236563
0.102122,-0.011053,0.105323
-0.366567,0.144799,0.096229
-0.190433,-0.036440,0.201617
-0.156472,-0.851306,0.249420
-0.648499,-0.615373,-0.331045
-0.294486,-0.216336,0.316511
-0.140790,0.461212,0.227026
0.289631,0.020160,-0.364611
-0.866635,-0.261206,0.066680
-0.645530,-0.095508,0.217874
-0.727018,0.153149,-0.128089
-0.253182,-0.492326,0.052523
0.411286,0.211773,0.067377
0.126747,-0.086351,0.053832
-0.150334,-0.135855,0.104440
0.080477,-0.098075,0.020650
-0.233712,-0.078881,0.137390
-0.105018,-0.021424,-0.194233
0.072773,0.079735,0.387175
0.135779,0.184494,-0.354759
0.514519,-0.069992,-0.469315
0.022819,0.305958,-0.233685
0.179825,0.527953,0.129298
0.069457,0.140765,-0.637356
-0.688476,-0.099215,0.172292
-0.490942,0.016545,0.268142
-0.572357,-0.570808,0.216315
0.199380,-0.097052,0.035185
-0.421878,0.080193,-0.196378
-0.133059,-0.301371,0.546607
-0.157605,-0.299898,-0.208893
0.085016,0.279071,-0.156645
-0.147163,-0.089164,-0.380298
0.233217,0.447542,-0.158957
-0.164446,0.476040,-0.009046
0.500266,0.302681,0.403487
0.446948,-0.751778,-0.144144
-0.073663,0.182026,-0.134892
0.098632,0.699500,-0.276652
-0.207289,0.641280,-0.084305
-0.091076,-0.471336,-0.566071
0.409351,-0.585374,0.721685
0.298466,-0.216816,-0.058910
0.149178,-0.034033,-0.183632
0.193434,-0.108774,0.170049
0.231882,-0.497146,0.303840
0.012384,0.349114,0.237712
0.019668,-0.204209,0.094953
0.270601,0.140656,-0.185309
-0.083129,-0.451105,0.221987
0.303977,-0.340867,0.047977
0.362130,-0.101723,0.388032
0.351466,0.030215,0.250913
-0.047455,0.698689,0.703327
-0.438207,0.471540,0.286928
-0.425129,0.419879,0.153736
-0.275278,-0.145811,-0.088768
-0.554526,-0.222790,-0.283829
-0.270349,-0.388423,0.160977
-0.141616,0.190997,0.094715
-0.242429,0.105108,-0.316260
-0.515749,0.420206,-0.191102
-0.130148,-0.268289,-0.260563
0.439731,0.929065,0.250075
0.031581,-0.120073,-0.031488
0.060356,-0.519288,-0.486823
0.454234,0.323889,0.078555
-0.540769,-0.073398,-0.046460
-0.998764,0.284853,-0.039319
-0.075201,0.307193,-0.413443
0.098696,-0.334005,0.424877
0.247554,-0.617876,-1.001130
0.292961,0.719868,0.278277
0.635783,0.023448,-0.252576
-0.726054,-0.573184,-0.511119
-0.255890,-0.298124,-0.450448
0.245818,-0.080010,-0.464170
-0.069417,-0.026362,0.346339
-0.154079,-0.220218,0.428675
-0.114085,-0.164552,-0.113512
0.061098,-0.084573,0.061296
-0.357093,-0.375027,-0.349649
-0.433066,0.150840,0.235080
-0.116301,0.004738,-0.377898
0.094352,0.104972,0.552881
-0.037776,-1.078070,-0.029077
-0.224504,0.185669,-0.154458
-0.740436,-0.069306,0.237269
-0.025625,0.073194,-0.509952
-0.262697,-0.014140,-0.208198
0.069476,-0.113596,-0.088983
-0.021233,-0.054774,-0.032166
0.131491,-0.391102,0.080530
0.027118,0.155517,0.417431
-0.390538,0.398774,0.138224
0.100954,0.238199,-0.240017
0.197841,0.177800,0.112272
0.297835,0.068712,0.448556
-0.279802,0.329368,-0.321049
-0.762123,0.544805,0.538208
-1.049970,0.053216,-0.381601
-0.099444,0.236537,0.328527
0.761302,0.396080,0.342461
-0.149815,0.416032,-0.374200
-0.482293,-0.329293,-0.116911
0.616398,0.470572,-0.316295
-0.259415,0.054829,0.333521
0.493545,-0.083243,0.287362
0.168664,-0.027360,0.073920
0.763257,-0.151522,0.290864
-0.373415,0.109548,0.264207
-0.129499,-0.215081,-0.119517
0.328378,-0.282787,-0.128738
0.164124,-0.019587,0.337105
-0.173355,-0.382538,-0.158255
-0.115850,0.823233,-0.936092
-0.212660,0.264683,-0.199839
-0.586565,0.383693,0.637992
0.684121,-0.257340,-0.182171
0.509897,0.488903,-0.487858
0.360826,-0.217971,0.126253
-1.028010,-0.213568,-0.225222
0.912884,0.048246,0.300707
-0.014527,-0.172955,-0.378681
0.036422,-0.168813,-0.160417
0.117472,0.085520,-0.153940
0.014182,0.105078,-0.212218
-0.141842,-0.498355,0.177252
0.236786,0.058388,0.406898
0.143166,-0.185148,-0.077821
-0.462729,0.245245,-0.084839
0.022905,-0.924513,0.595679
0.453512,-0.477619,0.613421
0.557588,0.312395,-0.026820
-0.216739,0.742948,-0.153001
-0.392457,0.389083,-0.288317
-0.477796,-0.374647,-0.729810
-0.303631,-0.239420,-0.790429
-0.349821,-0.346792,0.006676
0.032865,0.051309,-0.453118
0.119529,-0.247929,0.018707
0.014532,-0.037023,0.165985
-0.035323,-0.053482,0.304521
0.148814,-0.069080,0.022370
-0.580320,-0.020585,-0.224390
0.115154,0.111721,-0.347290
0.040799,0.245140,0.156731
-0.066349,-0.297369,0.000572
-0.011893,-0.101017,-0.004577
0.171339,-0.021921,-0.087155
0.227625,0.042078,-0.151714
-0.079906,0.530260,-0.407099
-0.188295,-0.351134,-0.903243
-0.241644,-0.468637,0.673363
-0.249102,-0.115679,-0.485523
0.046595,0.562621,0.057242
0.180441,0.158961,-0.212437
-0.239981,0.081864,0.005006
-0.120359,0.388619,-0.139527
0.325672,-0.118123,0.392850
-0.386993,-0.261459,0.198163
-0.445793,0.312097,0.003521
-0.180893,-0.325344,-0.374631
0.463671,-0.298201,-0.310523
0.041740,-0.195653,0.565848
-0.462893,-0.087987,-0.590023
-0.110553,-0.520921,0.191486
-0.255321,-0.052904,-0.080086
-0.711623,-0.074100,0.086083
0.627429,-0.221342,-0.562783
0.154930,1.076160,-0.201182
-0.011617,0.097822,-0.172366
0.209844,-0.040621,-0.655761
0.594015,0.182199,0.005798
0.317984,-0.027453,0.334650
-0.022612,-0.232457,-0.054374
-0.487853,0.030810,-0.191193
0.215157,0.025062,-0.014870
-0.208630,0.088055,0.121403
-0.523199,0.007946,-0.278070
0.294250,-0.249940,-0.176224
-0.028613,0.060988,-0.274675
0.621760,0.837881,-0.392025
-0.720524,-0.194462,0.273461
0.255251,-0.262411,0.070760
0.584330,-0.065966,-0.287732
0.434465,-0.289126,-0.126925
0.415750,0.049997,0.098166
0.099238,-0.022315,0.000309
0.198566,0.065709,-0.226863
-0.090530,0.208104,0.320011
-0.300988,0.016282,0.550920
0.364216,0.292361,-0.167346
0.044569,0.217291,-0.037617
-0.066366,-0.006285,-0.115927
-0.051418,-0.457675,-0.162267
0.024175,-0.106797,0.210223
0.142704,-0.046663,0.008028
0.345893,-0.065102,-0.006750
0.659640,0.551305,0.587790
-0.901696,0.675092,-0.079774
-0.330352,-0.320480,0.306363
-0.447027,0.444038,-0.083532
-0.026478,-0.010078,0.044793
-0.309758,-0.044423,0.005157
-0.470260,0.227385,-0.343592
-0.377993,-0.071449,-0.000990
-0.143569,-0.062048,-0.036458
-0.043754,-0.071855,-0.317285
0.306617,0.124284,-0.093872
0.145093,0.252880,-0.160578
0.180045,0.167474,0.066797
-0.026385,-0.298883,0.093977
0.375767,-0.686258,-0.254224
0.299125,0.157332,-0.276027
-0.566273,-0.415210,-0.109398
0.266974,-0.108507,-0.461004
-0.024783,-0.210263,-0.412191
-0.223064,0.122022,0.007901
0.128382,-0.194550,0.298665
0.049562,-0.008073,-0.154503
0.015397,0.047617,-0.047533
-0.292988,-0.549044,-0.075042
-0.075940,-0.115753,0.087841
0.317729,0.012266,-0.600966
0.012049,-0.391992,-0.060762
-0.044950,-0.021100,0.189306
-0.030115,-0.052269,0.092032
0.267952,0.303521,-0.018120
0.005618,0.546615,-0.125106
0.697206,-0.446514,-0.261894
-0.145643,0.162228,0.149982
0.483099,0.494786,0.041661
-0.239277,0.223806,-0.026299
-0.395879,-0.307296,-0.437610
-0.229472,0.049937,0.171994
0.163642,0.241296,-0.275574
0.051575,-0.015929,-0.033026
-0.027395,-0.151946,0.203872
-0.226437,-0.091000,-0.455655
0.453321,0.187632,0.113069
0.000374,0.300875,0.041622
0.174444,0.188765,-0.551405
-0.628680,0.545652,0.157310
0.156608,-0.139055,0.254561
0.258497,-0.677257,-0.039645
1.036600,0.878904,-0.026065
-0.118801,-0.496641,0.232705
-0.393633,-0.504851,-0.644815
-0.530432,0.436008,-0.185123
0.012330,0.797221,-0.234275
-0.213053,0.376365,-0.301430
-0.117842,0.397076,-0.125085
-0.028262,-0.146430,-0.031875
0.006357,-0.436676,0.372034
0.104505,0.347442,0.038721
-0.008638,0.057275,0.113577
0.125290,0.417799,-0.018409
-0.437923,-0.168657,0.101205
-0.519520,-0.581461,-0.137594
0.039059,0.352851,0.345469
-0.103700,-0.428743,0.494656
0.493027,-0.502853,-0.210215
0.118210,-0.451276,-0.381253
0.121559,0.182666,-0.643619
-0.467112,-0.191797,-0.183691
-0.031642,0.135234,-0.248962
-0.241559,-0.394221,-0.183019
-0.040875,0.389704,0.325878
0.640335,-0.194572,0.120104
-0.333460,-0.039860,0.257224
0.028885,0.041622,0.098906
0.340976,-0.006297,-0.000213
0.179208,-0.157601,-0.114380
-0.188692,0.021459,0.008599
-0.361764,0.221569,0.173563
0.297301,-0.312316,0.609839
-0.792262,-0.179378,0.316895
-0.018619,0.135543,1.300480
0.476279,-0.124935,-0.072803
-0.161684,-0.413225,-0.322892
0.670414,-0.201546,0.536579
0.278087,-0.117381,0.460778
-0.218535,0.213695,0.252149
0.142550,0.056410,-0.016710
-0.268717,-0.182747,0.026981
-0.211744,-0.259965,-0.024344
0.349295,-0.154047,-0.215516
-0.126675,-0.286078,0.064271
-0.084431,0.248105,0.371932
-0.650825,-0.084508,0.032170
-0.010276,0.259898,0.479638
0.351078,0.527153,-0.140759
-0.909966,-0.336613,0.275911
-0.007026,0.457930,0.262313
-0.039659,0.065417,0.157600
-0.336803,0.519306,-0.119197
0.082916,-0.017714,-0.009995
-0.070403,-0.080888,0.648982
-0.046776,0.128606,-0.201697
-0.170207,0.404398,-0.397157
-0.158457,0.048628,-0.090151
-0.354795,-0.036582,0.189624
-0.025359,-0.262442,0.138499
0.090243,0.244337,-0.255605
-0.110166,0.359785,-0.031495
0.093137,-0.344066,0.482601
0.346580,0.008070,-0.270308
0.231320,-0.144441,0.262931
0.248717,0.143193,0.194730
0.154568,-0.805204,-0.215885
-0.051367,0.914665,0.503979
0.252208,0.221287,0.159806
-0.153580,-0.174669,0.195215
-0.718694,-0.530328,-0.742215
-0.107419,-0.278869,-0.006079
-0.465566,-0.105573,0.069424
-0.471967,0.212824,-0.042944
-0.204790,-0.208885,-0.591820
-0.473922,0.196187,-0.317084
-0.056615,0.141731,-0.338522
-0.083041,0.195462,0.084597
-0.022314,-0.061086,-0.302350
0.005611,-0.413472,-0.329420
-1.011970,0.331828,0.030218
-0.660433,-0.512559,0.353531
0.116178,0.134301,0.392856
0.076849,0.616815,-0.462665
-0.240867,-0.441624,-0.027337
-0.718202,-0.522179,1.165430
0.212847,0.639877,0.261629
0.169633,0.311378,-0.176309
-0.256418,-0.029728,-0.172468
-0.024930,0.118829,0.319606
0.403117,-0.085394,-0.262005
-0.347917,0.056154,-0.177049
0.058543,-0.096889,0.154614
0.167971,0.281882,-0.330035
-0.156855,-0.343193,0.169465
-0.118642,-0.245165,-0.165591
-0.199187,0.918326,-0.060956
0.900045,-0.225754,0.039586
-0.003518,1.154600,-0.645707
-0.139970,0.162255,-0.380410
0.367813,0.484714,0.179271
-0.065627,0.137768,-0.325609
0.471937,-0.087939,0.214083
0.201207,0.121260,-0.349354
0.171817,-0.165131,0.492101
-0.005485,0.039316,0.051024
0.304286,0.146834,0.115034
0.513290,0.322064,0.246130
0.598890,-0.171030,-0.073832
0.019059,0.284754,0.288109
0.037343,-0.279522,0.324435
0.243636,-0.054449,-0.313604
-0.116322,-0.522337,-0.122089
0.024830,0.254892,0.898874
0.147349,-0.017660,-0.140302
0.959111,0.010502,0.269211
0.178020,-0.537667,0.024969
-0.635682,0.643997,-0.929167
0.803303,0.315985,-0.025217
0.283568,-0.153402,-0.072678
0.060130,0.215698,0.102913
0.084569,0.295051,-0.041015
0.178090,0.155324,0.022395
0.434739,0.007310,-0.063473
0.043708,0.205826,0.321871
-0.138624,-0.391657,-0.390392
0.269801,0.026218,0.480423
0.221713,-0.182426,-0.433400
0.227571,-0.777123,-0.060029
0.281545,0.333815,0.749599
0.419791,-0.154775,0.598972
-0.015764,0.012356,-0.547925
0.232983,-0.362313,0.411027
0.047747,0.570304,-0.571296
0.464507,0.293753,-0.025052
-0.012066,0.110473,0.031965
-0.151640,-0.095184,-0.168396
-0.321600,-0.206788,0.050614
0.001263,0.023352,0.048473
0.218388,0.139467,-0.023576
-0.543474,0.266124,0.038278
0.245335,0.077578,-0.346496
0.253409,0.123297,0.194493
-0.344396,-0.109636,0.008919
-1.068840,0.017418,0.812509
0.164232,0.684270,-0.050295
-0.379887,-0.145100,0.445505
-0.208505,0.396488,-0.346127
-0.146491,-0.560813,-0.173443
0.021052,0.293757,-0.310521
0.783330,0.621255,0.330431
0.062873,0.387762,-0.257674
-0.070357,-0.163942,0.435321
0.011281,-0.208990,0.119049
0.135921,-0.020992,0.391832
0.405881,0.081502,0.193999
0.026698,-0.175839,0.065556
-0.254162,0.018455,-0.244217
-0.142808,-0.241878,-0.516488
-0.281175,0.556153,0.569482
-0.389075,0.343848,-0.011224
-0.077112,0.412134,0.194294
-0.567763,0.182583,-0.561167
0.064537,0.254571,-0.462315
-0.837447,0.422039,0.509772
0.237384,0.567632,0.410541
0.082969,0.138407,-0.384472
0.208942,-0.253076,-0.337441
0.067108,0.090581,-0.188840
-0.151708,0.010914,-0.289446
-0.005587,-0.167588,-0.238365
-0.229282,0.016256,-0.320968
-0.023231,0.096174,0.138466
0.339585,-0.011660,-0.039606
-0.000921,-0.013751,0.125626
-0.620438,0.105415,0.556174
1.022110,-0.002250,-0.033914
-0.178415,0.621488,0.763016
0.048246,0.341190,-0.273288
0.629072,0.429398,0.072992
-0.699576,0.200902,0.316642
0.179190,-0.021463,0.127057
-0.230437,0.314318,-0.037260
0.201892,0.333093,-0.202736
0.062453,0.144109,-0.328245
0.001602,0.068070,-0.164393
0.110883,-0.352135,-0.215699
0.023509,0.109727,-0.257282
-0.031754,0.098160,-0.260007
-0.044140,0.305272,-0.004789
0.278127,-0.421731,-0.281143
0.423484,0.239426,0.510002
-0.177842,0.081625,-0.098489
-0.178192,-0.414335,0.308965
0.225642,-0.444122,0.189215
-0.153471,0.464097,0.360896
0.161918,0.159767,-0.187000
0.680931,-0.022482,-0.375458
0.001438,-0.567080,-0.398366
-0.024323,0.236974,0.022678
-0.134169,-0.185159,0.182713
0.176719,-0.057345,0.055709
0.420502,0.108116,0.401642
0.101519,-0.272045,-0.045078
-0.177227,-0.105570,-0.228058
-0.224898,-0.210983,0.036865
0.394803,-0.028449,0.340117
0.079664,-0.054898,0.770441
-0.735645,-0.942308,-0.104088
0.021419,0.064309,-0.437475
0.536948,-0.036777,-0.276489
-0.688247,-0.311199,-0.674552
-0.092111,-0.212785,0.384444
-0.356938,-0.355942,0.248120
-0.148003,-0.133622,0.695116
-0.283601,0.003522,0.094028
-0.204414,0.170822,0.227639
-0.443293,-0.168787,0.187374
0.111569,-0.258704,-0.024619
0.301318,0.387159,0.241293
-0.151839,0.213259,-0.253583
0.478328,-0.186948,0.089730
-0.037723,0.177092,0.253308
-0.610570,0.338934,0.301152
0.327420,-0.147964,0.071200
-0.354085,-0.030871,0.310369
0.376219,-0.331628,0.057057
0.265380,0.564511,0.246730
0.103638,-0.122223,0.661906
-0.168520,0.131775,-0.719530
0.323308,0.100174,-0.006609
0.055409,0.124831,-0.040128
0.126249,-0.066753,0.340293
0.290775,-0.058168,-0.544005
0.376379,0.228446,0.210455
0.211308,0.527896,-0.175650
-0.085192,0.086442,0.269170
0.015137,-0.288483,0.264159
0.045679,-0.271850,0.129579
-0.285250,0.317453,-0.388974
0.274583,0.045500,-0.377969
-0.497901,-0.218623,-0.005852
0.171076,-0.416496,0.637167
0.785669,-0.058481,0.043457
-0.279995,-0.199361,0.980325
0.924316,-0.349286,0.226312
-0.086603,0.212514,-0.000404
-0.007767,-0.266348,-0.378926
0.354747,-0.088189,0.026299
0.242423,-0.169903,0.066273
-0.330307,-0.420360,0.360457
0.177523,-0.410379,-0.092189
-0.191824,-0.099476,-0.134736
0.151823,-0.229580,-0.355448
0.259950,0.168446,-0.333760
0.578877,-0.636075,0.251144
-0.177411,-0.318318,-0.077802
-0.433860,-0.612221,-0.570223
0.305462,0.415944,-0.003911
-0.182007,0.764248,0.759140
-0.180943,0.353933,-0.150128
0.816847,0.054253,-0.988672
0.403098,0.694889,0.179163
-0.059389,-0.314873,0.268193
-0.017306,0.027967,-0.206375
0.144275,0.296982,-0.314630
-0.084577,0.113620,-0.121369
-0.202204,0.026232,-0.032506
-0.037488,-0.084974,-0.075186
-0.209519,-0.106193,0.349506
0.259880,-0.164224,0.088926
0.075985,0.032683,0.643225
0.012224,-0.665200,0.235119
-0.125325,0.355318,-0.072316
0.351814,0.155560,0.068672
0.066850,0.009890,-0.559625
-0.556135,0.073846,0.338195
-0.024708,0.564516,0.039434
0.189325,-0.379173,-0.375467
-0.000520,-0.098636,-0.880160
0.006833,0.006411,0.104388
-0.148004,-0.258605,-0.163379
0.152649,-0.031999,0.126215
0.010638,0.059394,0.053817
-0.195558,-0.335427,0.237621
-0.138495,0.094814,-0.276749
-0.039196,-0.324138,-0.004781
0.287948,-0.116833,0.553860
0.735437,0.231750,-0.073566
-0.204638,-0.221121,-0.254124
-0.329867,-0.409049,-0.368292
-0.106709,0.194465,-0.495934
0.244857,0.587798,-0.335082
-0.498620,0.233369,0.011083
0.252485,-0.644140,-0.497780
-0.589820,-0.067646,0.069973
0.065697,-0.138859,-0.015436
0.243893,-0.265369,-0.281246
-0.010192,-0.212343,0.007957
0.121812,0.291095,-0.028064
0.234321,-0.144234,-0.251650
0.411045,-0.127508,-0.035042
0.146802,0.151781,-0.052636
0.093896,0.636228,-0.351662
-0.416447,0.348910,-0.474879
-0.136490,0.512911,0.282188
0.789246,-0.235627,0.057745
0.597480,-0.009714,-0.066433
0.679573,-0.134681,-0.355309
0.753264,0.495130,-0.702976
0.089536,-0.744128,0.394782
-0.439249,-0.146420,-0.459855
-0.289042,0.095389,-0.074190
0.158032,0.017174,0.130051
0.335488,0.085160,-0.333683
-0.174466,-0.016792,0.012962
0.140547,-0.096930,-0.025075
0.043271,0.193954,-0.203344
0.162513,0.115727,0.310281
-0.591938,-0.256908,0.028067
-0.662743,0.386253,-0.364686
0.595186,0.423846,0.355232
-0.441713,0.132189,-0.369180
0.035258,0.127037,-0.016371
-0.520807,-0.258977,0.275796
-0.347621,0.234982,0.434539
-0.225387,-0.229066,0.037020
0.000125,0.124355,0.214666
-0.212970,0.296301,-0.421441
-0.038160,0.290069,0.051145
-0.125258,0.510202,0.273136
-0.484113,-0.699199,-0.027512
0.299455,-0.297386,-0.182099
0.195388,0.149583,0.113576
-0.176688,-0.080542,-0.051575
-0.522906,-0.588504,1.017120
-0.395285,0.069068,-0.624409
0.197155,-0.579479,-0.185707
-1.110120,0.589235,0.338058
-0.601394,0.128697,-0.196802
0.544470,-0.389921,-0.218311
0.499512,0.351184,-0.101303
0.559926,0.528664,-0.411665
0.445483,-0.025788,-0.039448
-0.330810,0.183004,-0.088125
0.334571,0.210094,0.149130
0.236889,0.097619,0.142874
0.067916,-0.124634,0.135588
0.285526,0.190333,0.069455
0.017286,-0.205766,-0.002181
-0.506734,0.061625,0.024873
-0.008420,-0.031151,0.510290
-0.079105,0.289801,0.114395
-0.143331,-0.093509,-0.411948
-0.232889,-0.559463,0.365411
-0.108395,-0.361594,0.139995
-0.034814,-0.205413,0.136259
0.332568,0.091761,-0.489531
0.133312,-0.178626,0.325279
-0.225114,0.171592,0.029444
-0.219369,-0.572002,-0.325348
-0.310372,-0.381955,-0.342387
0.379614,-0.091783,0.178393
0.128534,-0.173066,-0.097558
-0.132499,-0.205415,-0.239326
-0.393910,0.274355,0.122935
-0.188825,0.085562,-0.025987
0.247078,0.011265,-0.513830
0.305437,0.320747,0.271418
-0.208584,-0.040961,-0.382221
-0.421460,0.494400,0.391212
0.052488,-0.144059,0.278714
0.590501,0.312659,0.639570
0.320408,0.584070,0.136003
-0.795357,-0.038511,0.336241
-0.035727,-0.186507,-0.037839
-0.224206,-0.091807,0.147025
0.098909,-0.139891,-0.092203
0.237594,0.091287,0.030141
0.205945,0.009735,0.352803
0.078753,-0.225202,0.432609
0.163094,0.052332,-0.254038
0.345878,0.114736,-0.424102
-0.030864,0.140234,0.178295
-0.291935,0.317441,-0.014092
-0.351895,-0.046766,0.260325
0.729127,-0.330957,-0.105060
0.290018,-0.068980,-0.249519
-0.445378,0.054638,0.074642
-0.288758,-0.439438,-0.037873
0.379767,-0.026756,0.187985
-0.087761,0.130603,0.035566
-0.484589,-0.094575,-0.250299
0.079950,0.376588,-0.162850
0.306977,-0.108503,-0.023291
-0.012394,-0.114121,-0.001967
0.139918,-0.074496,-0.044284
-0.065067,0.059939,-0.191652
0.158410,-0.089079,0.056781
-0.052975,-0.538087,-0.127533
-0.374285,0.417732,0.352968
-0.074459,0.601469,0.155984
0.427354,0.200639,-0.168534
-0.083501,0.124788,-0.812939
-0.564968,-0.165280,0.169252
0.081957,-0.345017,-0.260328
-0.375621,-0.134421,0.088220
-0.225163,-0.087604,-0.116107
-0.166939,0.001018,-0.243778
-0.459295,0.218213,0.023187
0.271125,0.157161,0.079673
0.288639,-0.071343,-0.176403
0.174319,-0.091541,-0.053878
0.228431,-0.137188,-0.090911
0.204031,-0.090849,-0.252193
0.190341,-0.676051,0.279230
0.432651,-0.660895,0.159041
-0.141529,-0.804878,-0.434055
-0.087277,-0.186373,-0.070185
0.357636,0.007992,1.007680
0.040621,0.294366,0.212727
0.472361,-0.629359,0.181890
1.377550,0.321965,0.318753
0.464695,0.056113,0.363923
0.109150,0.190905,0.304084
0.231213,-0.152991,0.466694
-0.114348,0.188113,-0.339628
0.392832,0.170866,-0.196687
-0.135802,-0.185480,0.366171
0.058485,0.245020,-0.198868
0.046151,-0.173171,0.226466
0.028955,-0.688716,0.965661
0.005900,-0.244367,0.660737
0.430582,0.446810,0.831009
0.153354,-0.149982,0.136393
0.361290,-0.048631,0.016993
0.041102,-0.393085,0.113057
0.035483,-0.302662,0.288972
-0.066450,-0.006758,-0.364002
-0.306809,-0.272068,-0.007607
-0.337977,0.247451,-0.024892
0.078836,0.247169,-0.357543
0.087428,0.400800,0.146036
0.009434,0.096034,0.409328
0.129866,-0.010827,0.330213
0.107819,0.137862,0.395155
0.281575,-0.122333,-0.228036
0.148392,0.507922,0.464404
0.378176,0.360653,0.207128
0.635926,0.386696,0.554121
0.272014,-0.137593,-0.743482
-0.134504,0.615769,-0.055669
-0.057916,-0.435526,0.606777
-0.465257,-0.288059,0.097038
-0.795776,-0.280611,0.109983
-0.057208,0.227821,0.109750
-0.126681,0.024978,0.225973
-0.156874,0.327366,-0.032464
0.386029,-0.219785,0.304239
-0.229466,-0.269865,-0.207102
0.018780,0.242592,0.132180
-0.210292,-0.604113,0.412303
-0.098231,-0.277964,0.130861
0.582210,0.073458,0.332404
0.208548,-0.550165,0.372923
-0.418829,0.269627,-0.386352
0.479341,-0.451535,-0.136484
0.308922,0.228156,-0.179486
-0.089122,-0.088294,0.179194
0.599718,0.601208,0.121659
0.291496,0.249580,-0.046068
0.102263,-0.244578,-0.102255
-0.314314,-0.042061,-0.168345
-0.343006,0.241391,0.060898
-0.027773,0.235357,0.133307
0.044985,-0.218869,-0.038305
0.205074,-0.414930,0.036469
0.023091,-0.040001,-0.154691
-0.169680,-0.058040,-0.148627
-0.717678,-0.008077,-0.285763
0.272573,-0.156281,-0.329634
-0.090561,-0.588485,0.081704
0.128428,-0.373052,-0.005411
0.730539,0.162335,-0.196215
0.206149,0.436944,-0.028470
0.510104,-0.311006,0.016337
0.027257,0.206322,0.723393
0.278193,-0.305856,-0.225151
0.140809,0.160662,-0.219604
0.087176,-0.684952,-0.049944
-0.065058,-0.295327,0.174991
-0.211304,0.149839,0.102255
-0.372261,-0.030302,-0.167299
-0.044088,-0.169167,-0.185885
0.021760,-0.372802,-0.216149
0.034823,0.355994,0.408818
-0.470685,-0.222003,0.601196
0.186378,0.558840,-0.297925
-0.070089,-0.592989,0.062066
0.145877,0.762275,-0.641571
-0.433665,0.349050,0.407875
-0.785715,0.292215,-0.659434
0.089020,-0.095315,0.102702
0.472526,0.184298,-0.027535
-0.076819,0.062688,0.028253
-0.012386,0.062551,0.357453
0.188213,0.241818,0.103136
-0.040640,-0.226824,0.290556
-0.086261,-0.202418,0.163825
0.276758,-0.132693,0.014221
0.022725,-0.020106,0.136723
-0.738260,0.132331,-0.005997
-0.119117,-0.194940,0.079581
0.689063,0.389175,0.464541
-0.133161,-0.332478,0.532639
-0.285940,0.308529,-0.158224
0.508681,-0.086583,-0.065558
-0.251317,-0.059585,0.278591
-0.204808,0.441363,-0.020871
0.173124,-0.162795,-0.049210
-0.164633,-0.017530,-0.343998
0.146747,0.450263,-0.309267
-0.193317,0.058941,-0.223776
-0.013115,-0.013808,0.209291
0.005890,-0.009029,0.344246
-0.115262,0.378136,-0.174607
-0.374056,0.162911,0.308642
0.308390,-1.068040,0.445060
-0.289976,0.937886,0.420383
-0.328933,-0.697817,0.874409
-0.039355,-0.159008,0.256316
0.195655,-0.543238,-0.589625
-0.385236,0.500392,0.385670
-0.747488,-0.049683,-0.247597
-0.623376,-0.221108,-0.231375
0.268331,-0.271094,0.313173
0.197801,-0.232876,-0.090317
0.129410,-0.225186,0.351095
-0.084252,-0.085990,0.230293
0.235986,0.485920,0.022828
-0.451032,0.235939,0.104794
-0.383597,0.036774,-0.434903
0.032889,-0.100545,0.272852
0.031460,-0.485765,0.375418
-0.349156,-1.096160,0.337078
0.053979,-0.069357,-0.046460
-0.253587,0.289261,-0.170180
0.873251,1.217730,0.668411
0.063536,0.076999,0.426598
0.285070,0.332525,-0.114595
-0.146698,-0.698434,-0.300747
-0.165529,0.299086,-0.036169
0.168235,0.212010,-0.223504
-0.222385,0.055890,0.113490
-0.154004,0.342117,0.322666
0.173295,-0.013812,-0.059339
-0.038750,0.043472,-0.032062
0.041722,0.267559,-0.361327
0.076414,-0.034065,0.232451
0.254525,0.277656,0.768908
-0.035401,0.405838,-0.302694
0.540419,-0.454951,-0.172951
-0.033652,-0.535921,0.303532
-0.576930,-0.365713,0.823605
-0.152688,-0.066364,0.516647
0.355680,-0.413167,0.330214
0.400035,1.098490,0.548743
0.376330,-0.101214,-0.459269
0.032284,-0.297064,-0.086073
-0.157670,0.106204,0.068524
-0.148910,0.164386,0.143431
-0.172708,-0.485396,-0.180304
0.092386,0.074344,0.221915
0.242954,0.231719,0.127867
0.262602,0.061919,-0.233795
-0.214538,0.169314,-0.332860
-0.154543,0.195611,-0.621890
0.257838,0.078961,-0.478104
-0.619345,-0.289592,0.198466
-0.642620,-0.070505,0.067137
0.199401,-0.132771,-0.315200
0.545799,0.749402,-0.178543
0.031639,-0.980988,0.379284
-0.261544,0.061643,-0.397697
0.078835,-0.433988,0.226364
-0.232016,-0.078744,0.077355
-0.454625,-0.059350,-0.146334
-0.190832,-0.059152,-0.178532
-0.544115,-0.422580,0.232445
0.439493,0.116153,0.064292
-0.296783,0.180197,-0.054071
-0.711577,-0.174184,0.068438
0.027923,-0.252745,0.059829
0.134868,-0.198026,-0.085463
0.010283,-0.301821,-0.076314
0.238886,0.607723,-0.339231
-0.159636,0.301352,0.061179
-0.003750,-0.222341,-0.335803
0.528186,0.372649,-0.126231
-0.079343,0.317235,0.095248
-0.182051,0.103188,-0.019554
0.066153,0.068723,-0.029888
-0.033311,0.002536,-0.420446
0.174653,-0.048314,-0.097127
0.068226,0.007204,-0.035854
-0.006166,0.133124,-0.389090
0.363620,-0.247878,-0.092325
-0.291732,0.441734,0.634823
0.124950,0.088822,0.054925
-0.058067,-0.148858,-0.847654
-0.529855,0.263490,0.314348
0.363483,-0.126955,0.032322
-0.374514,-0.206653,0.089830
-0.409987,-0.252819,-0.613743
-0.823106,0.233590,0.218851
0.183882,-0.027485,0.291315
-0.036008,0.128069,0.123200
-0.213256,0.205935,-0.172482
0.375606,-0.232554,0.148850
0.302738,0.188051,0.363100
0.215656,-0.090616,0.118015
0.134112,0.016300,-0.048106
-0.065053,-0.138539,0.330173
-0.211409,-0.100540,-0.107117
0.155977,0.237630,-0.646948
-0.328357,-0.491637,0.158379
0.121476,-0.050510,-0.637973
0.097906,0.161517,-0.503149
0.334596,0.220335,0.096602
-0.934231,-0.048271,0.585764
0.253906,0.193723,0.134085
-0.081162,0.374369,-0.076282
-0.295592,0.269924,0.235281
-0.112987,-0.112286,-0.159802
0.278467,0.110913,0.142236
0.303210,0.080563,-0.143606
-0.332670,-0.054307,-0.052799
-0.369760,0.236435,0.134538
-0.267297,-0.052444,0.159042
-0.408037,-0.005023,-0.470604
-0.186059,-0.219832,-0.477491
0.179186,0.063256,-0.246898
-0.094275,-0.421054,-0.101264
0.249254,-0.588504,-0.639418
-0.091472,-0.252589,0.035869
0.181971,-0.084286,0.535904
0.400955,-0.009732,0.120151
0.078654,0.277704,0.403335
0.205418,-0.045534,-0.168007
0.094877,0.385289,-0.147018
-0.265901,-0.031434,0.077002
-0.040247,-0.352504,-0.152804
-0.259593,0.131097,0.069149
0.060688,0.116486,0.008275
-0.052195,-0.174599,-0.036206
0.363656,0.143839,0.106236
-0.809401,-0.543615,0.432935
-0.782487,0.475070,-0.202343
-0.468316,0.397395,-0.144134
-0.395736,-0.402193,-0.245319
-0.054756,0.283357,-0.125332
0.068522,0.214342,0.276768
-0.247066,-0.470751,-0.517655
0.260305,-0.142785,-0.001631
0.192127,-0.335292,-0.202034
0.040508,-0.360318,0.074899
-0.221037,-0.017540,-0.069814
0.483733,-0.198187,0.061174
-0.297865,-0.124301,-0.202976
-0.341426,-0.526095,-0.264314
-0.166826,0.398624,-0.329442
-0.020984,0.090894,0.152493
-1.067130,-0.155811,0.002826
-0.304090,0.112033,-0.821597
0.496260,0.125845,0.829768
-0.394963,0.528570,0.486945
-0.151485,-0.471777,-0.514455
-0.102632,-0.646161,0.010335
-0.514056,0.252606,-0.279034
-0.060695,-0.006641,0.052336
0.001128,-0.248570,0.036502
-0.421210,-0.141376,0.385121
-0.134224,-0.234523,-0.015740
0.171475,-0.144916,0.180058
-0.027894,-0.073349,0.424344
-0.000866,0.467539,-0.275008
-0.032278,0.135660,-0.413886
0.110388,0.657658,0.191955
0.108758,-0.614486,0.409934
0.340125,0.258543,0.421475
0.005795,0.512285,-0.110594
0.318296,-0.260115,0.289993
0.047677,0.402164,0.122161
0.350950,-0.270090,-0.125207
-0.062628,-0.112675,-0.339868
-0.260245,-0.265235,0.197036
0.434095,-0.432873,-0.381462
0.186584,0.443070,-0.142761
0.450401,0.170293,-0.316346
0.046471,0.349491,0.092332
0.177136,-0.184485,-0.343800
0.340172,-0.046791,-0.167967
0.349235,-0.445455,0.070074
0.305609,-0.600074,-0.697065
0.605468,-0.477122,-0.368574
0.461211,-0.258917,-0.151397
-0.148621,-0.302493,-0.105815
0.082913,-0.368022,-0.294215
-0.423961,0.374179,0.664084
-0.689063,0.287759,-0.124615
-0.705703,0.110983,-0.520912
-0.000110,0.311361,0.312448
0.248701,-0.256165,0.283979
0.273259,-0.070952,-0.299648
0.163234,0.164865,-0.241423
0.501736,-0.220558,-0.152482
-0.147559,0.095063,0.420399
-0.113670,0.037795,0.141878
0.273624,0.175502,-0.168816
0.268304,-0.136484,-0.615553
-0.132653,-0.663732,0.393474
0.574938,0.638361,-0.127121
-0.223092,0.409204,0.636546
-1.279530,0.645922,0.454279
-0.190769,0.730719,0.714382
0.410280,-0.026930,0.871724
-0.279495,0.212231,-0.187574
-0.059239,0.353050,-0.147115
0.325691,-0.184380,-0.204268
-0.590293,0.122421,0.265675
0.000666,0.011154,0.026449
-0.129550,-0.450533,0.108496
0.042847,0.049045,-0.057097
-0.072334,0.074463,-0.213576
-0.131989,-0.444004,-0.161533
-0.011360,0.298271,0.842856
0.285685,0.030768,-0.527292
-0.037567,0.078020,-0.285816
0.472172,0.468378,0.699698
-0.204646,0.817284,0.655011
-0.077898,-0.284863,-0.322773
0.326935,0.378017,-0.378613
-0.116437,-0.272722,-0.321591
0.335817,-0.290644,0.034124
0.124840,0.020140,0.214784
-0.019581,0.203609,0.479056
-0.355799,0.414645,0.158241
0.194356,-0.181924,-0.045488
-0.479209,0.296794,0.098828
-0.238005,-0.122178,0.253260
-0.410179,-0.265688,-0.010147
0.233332,0.056093,-0.207371
0.122786,0.030077,-0.181902
0.339608,0.347276,0.832204
-0.086704,-0.039436,-0.736207
0.223096,0.217595,0.368318
-0.164432,-0.133234,0.044108
-0.094588,-0.456655,-0.652597
0.140447,0.691979,0.642934
-0.287648,-0.316428,-0.064201
-0.089923,0.055496,-0.085631
-0.122469,-0.136685,0.287333
0.605397,-0.413838,-0.388523
0.445049,-0.153322,0.025941
0.271523,-0.103923,-0.529233
0.057464,0.055523,-0.314230
0.042974,0.368058,-0.271062
0.331331,0.167881,0.651196
0.050014,-0.173351,0.344499
-0.340604,-0.083193,-0.643111
-0.061483,0.058955,-0.299651
-0.109373,0.097996,-0.129494
-0.372301,0.595567,-0.382991
0.750287,0.635314,-0.379057
-0.354231,0.444856,0.153335
0.240963,0.360952,-0.012866
0.024370,-0.349753,-0.107072
0.022509,-0.128177,0.493478
0.058814,-0.436317,0.203013
-0.145295,0.335550,-0.116019
0.143454,0.163270,0.004270
0.388513,0.293178,-0.373004
-0.129549,-0.077006,0.273241
-0.242453,0.046113,-0.013766
0.082419,-0.558902,0.404459
0.206102,-0.155260,0.211418
-0.147464,0.018063,0.255530
0.217558,-0.020225,0.728882
-0.503649,0.506073,-0.209929
0.153475,0.219902,0.208725
0.029644,-0.238555,0.380586
0.365824,-0.131265,0.221423
0.058998,-0.054488,0.142544
-0.107938,-0.087371,0.080287
-0.377583,-0.187771,0.051399
-0.020650,-0.037129,0.203795
-0.138908,0.143150,0.086245
-0.260914,-0.086983,0.060294
0.036039,-0.141582,0.059254
